英标,本地uk音频,本地us音频,在线uk音频,在线us音频,单词,本地单词uk音频,本地单词us音频,在线单词uk音频,在线单词us音频
iː,phonetics_audio/uk_phonetics_sound_sheep_2023feb.mp3,phonetics_audio/us_phonetics_sound_sheep_2023feb.mp3,https://dictionary.cambridge.org/media/english/uk_phonetic/uk_phonetics_sound_sheep_2023feb.mp3,https://dictionary.cambridge.org/media/english/us_phonetic/us_phonetics_sound_sheep_2023feb.mp3,sheep,phonetics_audio/uk_phonetics_word_sheep_2023feb.mp3,phonetics_audio/us_phonetics_word_sheep_2023feb.mp3,https://dictionary.cambridge.org/media/english/uk_phonetic/uk_phonetics_word_sheep_2023feb.mp3,https://dictionary.cambridge.org/media/english/us_phonetic/us_phonetics_word_sheep_2023feb.mp3
ɪ,phonetics_audio/uk_phonetics_sound_ship_2023feb.mp3,phonetics_audio/us_phonetics_sound_ship_2023feb.mp3,https://dictionary.cambridge.org/media/english/uk_phonetic/uk_phonetics_sound_ship_2023feb.mp3,https://dictionary.cambridge.org/media/english/us_phonetic/us_phonetics_sound_ship_2023feb.mp3,ship,phonetics_audio/uk_phonetics_word_ship_2023feb.mp3,phonetics_audio/us_phonetics_word_ship_2023feb.mp3,https://dictionary.cambridge.org/media/english/uk_phonetic/uk_phonetics_word_ship_2023feb.mp3,https://dictionary.cambridge.org/media/english/us_phonetic/us_phonetics_word_ship_2023feb.mp3
ɑː,phonetics_audio/uk_phonetics_sound_father_2023feb.mp3,phonetics_audio/us_phonetics_sound_father_2023feb.mp3,https://dictionary.cambridge.org/media/english/uk_phonetic/uk_phonetics_sound_father_2023feb.mp3,https://dictionary.cambridge.org/media/english/us_phonetic/us_phonetics_sound_father_2023feb.mp3,father,phonetics_audio/uk_phonetics_word_father_2023feb.mp3,phonetics_audio/us_phonetics_word_father_2023feb.mp3,https://dictionary.cambridge.org/media/english/uk_phonetic/uk_phonetics_word_father_2023feb.mp3,https://dictionary.cambridge.org/media/english/us_phonetic/us_phonetics_word_father_2023feb.mp3
æ,phonetics_audio/uk_phonetics_sound_hat_2023feb.mp3,phonetics_audio/us_phonetics_sound_hat_2023feb.mp3,https://dictionary.cambridge.org/media/english/uk_phonetic/uk_phonetics_sound_hat_2023feb.mp3,https://dictionary.cambridge.org/media/english/us_phonetic/us_phonetics_sound_hat_2023feb.mp3,hat,phonetics_audio/uk_phonetics_word_hat_2023feb.mp3,phonetics_audio/us_phonetics_word_hat_2023feb.mp3,https://dictionary.cambridge.org/media/english/uk_phonetic/uk_phonetics_word_hat_2023feb.mp3,https://dictionary.cambridge.org/media/english/us_phonetic/us_phonetics_word_hat_2023feb.mp3
ʌ,phonetics_audio/uk_phonetics_sound_cup_2023feb.mp3,phonetics_audio/us_phonetics_sound_cup_2023feb.mp3,https://dictionary.cambridge.org/media/english/uk_phonetic/uk_phonetics_sound_cup_2023feb.mp3,https://dictionary.cambridge.org/media/english/us_phonetic/us_phonetics_sound_cup_2023feb.mp3,cup,phonetics_audio/uk_phonetics_word_cup_2023feb.mp3,phonetics_audio/us_phonetics_word_cup_2023feb.mp3,https://dictionary.cambridge.org/media/english/uk_phonetic/uk_phonetics_word_cup_2023feb.mp3,https://dictionary.cambridge.org/media/english/us_phonetic/us_phonetics_word_cup_2023feb.mp3
ɔː,phonetics_audio/uk_phonetics_sound_horse_2023feb.mp3,phonetics_audio/us_phonetics_sound_horse_2023feb.mp3,https://dictionary.cambridge.org/media/english/uk_phonetic/uk_phonetics_sound_horse_2023feb.mp3,https://dictionary.cambridge.org/media/english/us_phonetic/us_phonetics_sound_horse_2023feb.mp3,horse,phonetics_audio/uk_phonetics_word_horse_2023feb.mp3,phonetics_audio/us_phonetics_word_horse_2023feb.mp3,https://dictionary.cambridge.org/media/english/uk_phonetic/uk_phonetics_word_horse_2023feb.mp3,https://dictionary.cambridge.org/media/english/us_phonetic/us_phonetics_word_horse_2023feb.mp3
ɒ,phonetics_audio/uk_phonetics_sound_sock_2023feb.mp3,,https://dictionary.cambridge.org/media/english/uk_phonetic/uk_phonetics_sound_sock_2023feb.mp3,,sock,phonetics_audio/uk_phonetics_word_sock_2023feb.mp3,,https://dictionary.cambridge.org/media/english/uk_phonetic/uk_phonetics_word_sock_2023feb.mp3,
uː,phonetics_audio/uk_phonetics_sound_blue_2023feb.mp3,phonetics_audio/us_phonetics_sound_blue_2023feb.mp3,https://dictionary.cambridge.org/media/english/uk_phonetic/uk_phonetics_sound_blue_2023feb.mp3,https://dictionary.cambridge.org/media/english/us_phonetic/us_phonetics_sound_blue_2023feb.mp3,blue,phonetics_audio/uk_phonetics_word_blue_2023feb.mp3,phonetics_audio/us_phonetics_word_blue_2023feb.mp3,https://dictionary.cambridge.org/media/english/uk_phonetic/uk_phonetics_word_blue_2023feb.mp3,https://dictionary.cambridge.org/media/english/us_phonetic/us_phonetics_word_blue_2023feb.mp3
ʊ,phonetics_audio/uk_phonetics_sound_foot_2023feb.mp3,phonetics_audio/us_phonetics_sound_foot_2023feb.mp3,https://dictionary.cambridge.org/media/english/uk_phonetic/uk_phonetics_sound_foot_2023feb.mp3,https://dictionary.cambridge.org/media/english/us_phonetic/us_phonetics_sound_foot_2023feb.mp3,foot,phonetics_audio/uk_phonetics_word_foot_2023feb.mp3,phonetics_audio/us_phonetics_word_foot_2023feb.mp3,https://dictionary.cambridge.org/media/english/uk_phonetic/uk_phonetics_word_foot_2023feb.mp3,https://dictionary.cambridge.org/media/english/us_phonetic/us_phonetics_word_foot_2023feb.mp3
e,phonetics_audio/uk_phonetics_sound_head_2023feb.mp3,phonetics_audio/us_phonetics_sound_head_2023feb.mp3,https://dictionary.cambridge.org/media/english/uk_phonetic/uk_phonetics_sound_head_2023feb.mp3,https://dictionary.cambridge.org/media/english/us_phonetic/us_phonetics_sound_head_2023feb.mp3,head,phonetics_audio/uk_phonetics_word_head_2023feb.mp3,phonetics_audio/us_phonetics_word_head_2023feb.mp3,https://dictionary.cambridge.org/media/english/uk_phonetic/uk_phonetics_word_head_2023feb.mp3,https://dictionary.cambridge.org/media/english/us_phonetic/us_phonetics_word_head_2023feb.mp3
ɜː,phonetics_audio/uk_phonetics_sound_bird_2023feb.mp3,,https://dictionary.cambridge.org/media/english/uk_phonetic/uk_phonetics_sound_bird_2023feb.mp3,,bird,phonetics_audio/uk_phonetics_word_bird_2023feb.mp3,,https://dictionary.cambridge.org/media/english/uk_phonetic/uk_phonetics_word_bird_2023feb.mp3,
ɝː,,phonetics_audio/us_phonetics_sound_bird_2023feb.mp3,,https://dictionary.cambridge.org/media/english/us_phonetic/us_phonetics_sound_bird_2023feb.mp3,bird,,phonetics_audio/us_phonetics_word_bird_2023feb.mp3,,https://dictionary.cambridge.org/media/english/us_phonetic/us_phonetics_word_bird_2023feb.mp3
ə,phonetics_audio/uk_phonetics_sound_above_2023feb.mp3,phonetics_audio/us_phonetics_sound_above_2023feb.mp3,https://dictionary.cambridge.org/media/english/uk_phonetic/uk_phonetics_sound_above_2023feb.mp3,https://dictionary.cambridge.org/media/english/us_phonetic/us_phonetics_sound_above_2023feb.mp3,above,phonetics_audio/uk_phonetics_word_above_2023feb.mp3,phonetics_audio/us_phonetics_word_above_2023feb.mp3,https://dictionary.cambridge.org/media/english/uk_phonetic/uk_phonetics_word_above_2023feb.mp3,https://dictionary.cambridge.org/media/english/us_phonetic/us_phonetics_word_above_2023feb.mp3
ɚ,,phonetics_audio/us_phonetics_sound_mother_2023feb.mp3,,https://dictionary.cambridge.org/media/english/us_phonetic/us_phonetics_sound_mother_2023feb.mp3,mother,,phonetics_audio/us_phonetics_word_mother_2023feb.mp3,,https://dictionary.cambridge.org/media/english/us_phonetic/us_phonetics_word_mother_2023feb.mp3
eɪ,phonetics_audio/uk_phonetics_sound_day_2023feb_002.mp3,phonetics_audio/us_phonetics_sound_day_2023feb_002.mp3,https://dictionary.cambridge.org/media/english/uk_phonetic/uk_phonetics_sound_day_2023feb_002.mp3,https://dictionary.cambridge.org/media/english/us_phonetic/us_phonetics_sound_day_2023feb_002.mp3,day,phonetics_audio/uk_phonetics_word_day_2023feb_002.mp3,phonetics_audio/us_phonetics_word_day_2023feb_002.mp3,https://dictionary.cambridge.org/media/english/uk_phonetic/uk_phonetics_word_day_2023feb_002.mp3,https://dictionary.cambridge.org/media/english/us_phonetic/us_phonetics_word_day_2023feb_002.mp3
aɪ,phonetics_audio/uk_phonetics_sound_eye_2023feb.mp3,phonetics_audio/us_phonetics_sound_eye_2023feb.mp3,https://dictionary.cambridge.org/media/english/uk_phonetic/uk_phonetics_sound_eye_2023feb.mp3,https://dictionary.cambridge.org/media/english/us_phonetic/us_phonetics_sound_eye_2023feb.mp3,eye,phonetics_audio/uk_phonetics_word_eye_2023feb.mp3,phonetics_audio/us_phonetics_word_eye_2023feb.mp3,https://dictionary.cambridge.org/media/english/uk_phonetic/uk_phonetics_word_eye_2023feb.mp3,https://dictionary.cambridge.org/media/english/us_phonetic/us_phonetics_word_eye_2023feb.mp3
ɔɪ,phonetics_audio/uk_phonetics_sound_boy_2023feb.mp3,phonetics_audio/us_phonetics_sound_boy_2023feb.mp3,https://dictionary.cambridge.org/media/english/uk_phonetic/uk_phonetics_sound_boy_2023feb.mp3,https://dictionary.cambridge.org/media/english/us_phonetic/us_phonetics_sound_boy_2023feb.mp3,boy,phonetics_audio/uk_phonetics_word_boy_2023feb.mp3,phonetics_audio/us_phonetics_word_boy_2023feb.mp3,https://dictionary.cambridge.org/media/english/uk_phonetic/uk_phonetics_word_boy_2023feb.mp3,https://dictionary.cambridge.org/media/english/us_phonetic/us_phonetics_word_boy_2023feb.mp3
əʊ,phonetics_audio/uk_phonetics_sound_nose_2023feb.mp3,,https://dictionary.cambridge.org/media/english/uk_phonetic/uk_phonetics_sound_nose_2023feb.mp3,,nose,phonetics_audio/uk_phonetics_word_nose_2023feb.mp3,,https://dictionary.cambridge.org/media/english/uk_phonetic/uk_phonetics_word_nose_2023feb.mp3,
oʊ,,phonetics_audio/us_phonetics_sound_nose_2023feb.mp3,,https://dictionary.cambridge.org/media/english/us_phonetic/us_phonetics_sound_nose_2023feb.mp3,nose,,phonetics_audio/us_phonetics_word_nose_2023feb.mp3,,https://dictionary.cambridge.org/media/english/us_phonetic/us_phonetics_word_nose_2023feb.mp3
aʊ,phonetics_audio/uk_phonetics_sound_mouth_2023feb.mp3,phonetics_audio/us_phonetics_sound_mouth_2023feb.mp3,https://dictionary.cambridge.org/media/english/uk_phonetic/uk_phonetics_sound_mouth_2023feb.mp3,https://dictionary.cambridge.org/media/english/us_phonetic/us_phonetics_sound_mouth_2023feb.mp3,mouth,phonetics_audio/uk_phonetics_word_mouth_2023feb.mp3,phonetics_audio/us_phonetics_word_mouth_2023feb.mp3,https://dictionary.cambridge.org/media/english/uk_phonetic/uk_phonetics_word_mouth_2023feb.mp3,https://dictionary.cambridge.org/media/english/us_phonetic/us_phonetics_word_mouth_2023feb.mp3
ɪə,phonetics_audio/uk_phonetics_sound_ear_2023feb.mp3,,https://dictionary.cambridge.org/media/english/uk_phonetic/uk_phonetics_sound_ear_2023feb.mp3,,ear,phonetics_audio/uk_phonetics_word_ear_2023feb.mp3,,https://dictionary.cambridge.org/media/english/uk_phonetic/uk_phonetics_word_ear_2023feb.mp3,
eə,phonetics_audio/uk_phonetics_sound_hair_2023feb.mp3,,https://dictionary.cambridge.org/media/english/uk_phonetic/uk_phonetics_sound_hair_2023feb.mp3,,hair,phonetics_audio/uk_phonetics_word_hair_2023feb.mp3,,https://dictionary.cambridge.org/media/english/uk_phonetic/uk_phonetics_word_hair_2023feb.mp3,
ʊə,phonetics_audio/uk_phonetics_sound_pure_2023feb.mp3,,https://dictionary.cambridge.org/media/english/uk_phonetic/uk_phonetics_sound_pure_2023feb.mp3,,pure,phonetics_audio/uk_phonetics_word_pure_2023feb.mp3,,https://dictionary.cambridge.org/media/english/uk_phonetic/uk_phonetics_word_pure_2023feb.mp3,
aɪə,phonetics_audio/uk_phonetics_sound_fire_2023feb.mp3,,https://dictionary.cambridge.org/media/english/uk_phonetic/uk_phonetics_sound_fire_2023feb.mp3,,fire,phonetics_audio/uk_phonetics_word_fire_2023feb.mp3,,https://dictionary.cambridge.org/media/english/uk_phonetic/uk_phonetics_word_fire_2023feb.mp3,
aʊə,phonetics_audio/uk_phonetics_sound_hour_2023feb.mp3,,https://dictionary.cambridge.org/media/english/uk_phonetic/uk_phonetics_sound_hour_2023feb.mp3,,hour,phonetics_audio/uk_phonetics_word_hour_2023feb.mp3,,https://dictionary.cambridge.org/media/english/uk_phonetic/uk_phonetics_word_hour_2023feb.mp3,
p,phonetics_audio/uk_phonetics_sound_pen_2023feb.mp3,phonetics_audio/us_phonetics_sound_pen_2023feb.mp3,https://dictionary.cambridge.org/media/english/uk_phonetic/uk_phonetics_sound_pen_2023feb.mp3,https://dictionary.cambridge.org/media/english/us_phonetic/us_phonetics_sound_pen_2023feb.mp3,pen,phonetics_audio/uk_phonetics_word_pen_2023feb.mp3,phonetics_audio/us_phonetics_word_pen_2023feb.mp3,https://dictionary.cambridge.org/media/english/uk_phonetic/uk_phonetics_word_pen_2023feb.mp3,https://dictionary.cambridge.org/media/english/us_phonetic/us_phonetics_word_pen_2023feb.mp3
b,phonetics_audio/uk_phonetics_sound_book_2023feb.mp3,phonetics_audio/us_phonetics_sound_book_2023feb.mp3,https://dictionary.cambridge.org/media/english/uk_phonetic/uk_phonetics_sound_book_2023feb.mp3,https://dictionary.cambridge.org/media/english/us_phonetic/us_phonetics_sound_book_2023feb.mp3,book,phonetics_audio/uk_phonetics_word_book_2023feb.mp3,phonetics_audio/us_phonetics_word_book_2023feb.mp3,https://dictionary.cambridge.org/media/english/uk_phonetic/uk_phonetics_word_book_2023feb.mp3,https://dictionary.cambridge.org/media/english/us_phonetic/us_phonetics_word_book_2023feb.mp3
t,phonetics_audio/uk_phonetics_sound_town_2023feb.mp3,phonetics_audio/us_phonetics_sound_town_2023feb.mp3,https://dictionary.cambridge.org/media/english/uk_phonetic/uk_phonetics_sound_town_2023feb.mp3,https://dictionary.cambridge.org/media/english/us_phonetic/us_phonetics_sound_town_2023feb.mp3,town,phonetics_audio/uk_phonetics_word_town_2023feb.mp3,phonetics_audio/us_phonetics_word_town_2023feb.mp3,https://dictionary.cambridge.org/media/english/uk_phonetic/uk_phonetics_word_town_2023feb.mp3,https://dictionary.cambridge.org/media/english/us_phonetic/us_phonetics_word_town_2023feb.mp3
t̬,,phonetics_audio/us_phonetics_sound_cutting_2023feb.mp3,,https://dictionary.cambridge.org/media/english/us_phonetic/us_phonetics_sound_cutting_2023feb.mp3,cutting,,phonetics_audio/us_phonetics_word_cutting_2023feb.mp3,,https://dictionary.cambridge.org/media/english/us_phonetic/us_phonetics_word_cutting_2023feb.mp3
d,phonetics_audio/uk_phonetics_sound_day_2023feb_001.mp3,phonetics_audio/us_phonetics_sound_day_2023feb_001.mp3,https://dictionary.cambridge.org/media/english/uk_phonetic/uk_phonetics_sound_day_2023feb_001.mp3,https://dictionary.cambridge.org/media/english/us_phonetic/us_phonetics_sound_day_2023feb_001.mp3,day,phonetics_audio/uk_phonetics_word_day_2023feb_001.mp3,phonetics_audio/us_phonetics_word_day_2023feb_001.mp3,https://dictionary.cambridge.org/media/english/uk_phonetic/uk_phonetics_word_day_2023feb_001.mp3,https://dictionary.cambridge.org/media/english/us_phonetic/us_phonetics_word_day_2023feb_001.mp3
k,phonetics_audio/uk_phonetics_sound_cat_2023feb.mp3,phonetics_audio/us_phonetics_sound_cat_2023feb.mp3,https://dictionary.cambridge.org/media/english/uk_phonetic/uk_phonetics_sound_cat_2023feb.mp3,https://dictionary.cambridge.org/media/english/us_phonetic/us_phonetics_sound_cat_2023feb.mp3,cat,phonetics_audio/uk_phonetics_word_cat_2023feb.mp3,phonetics_audio/us_phonetics_word_cat_2023feb.mp3,https://dictionary.cambridge.org/media/english/uk_phonetic/uk_phonetics_word_cat_2023feb.mp3,https://dictionary.cambridge.org/media/english/us_phonetic/us_phonetics_word_cat_2023feb.mp3
g,phonetics_audio/uk_phonetics_sound_give_2023feb.mp3,phonetics_audio/us_phonetics_sound_give_2023feb.mp3,https://dictionary.cambridge.org/media/english/uk_phonetic/uk_phonetics_sound_give_2023feb.mp3,https://dictionary.cambridge.org/media/english/us_phonetic/us_phonetics_sound_give_2023feb.mp3,give,phonetics_audio/uk_phonetics_word_give_2023feb.mp3,phonetics_audio/us_phonetics_word_give_2023feb.mp3,https://dictionary.cambridge.org/media/english/uk_phonetic/uk_phonetics_word_give_2023feb.mp3,https://dictionary.cambridge.org/media/english/us_phonetic/us_phonetics_word_give_2023feb.mp3
f,phonetics_audio/uk_phonetics_sound_fish_2023feb.mp3,phonetics_audio/us_phonetics_sound_fish_2023feb.mp3,https://dictionary.cambridge.org/media/english/uk_phonetic/uk_phonetics_sound_fish_2023feb.mp3,https://dictionary.cambridge.org/media/english/us_phonetic/us_phonetics_sound_fish_2023feb.mp3,fish,phonetics_audio/uk_phonetics_word_fish_2023feb.mp3,phonetics_audio/us_phonetics_word_fish_2023feb.mp3,https://dictionary.cambridge.org/media/english/uk_phonetic/uk_phonetics_word_fish_2023feb.mp3,https://dictionary.cambridge.org/media/english/us_phonetic/us_phonetics_word_fish_2023feb.mp3
v,phonetics_audio/uk_phonetics_sound_very_2023feb.mp3,phonetics_audio/us_phonetics_sound_very_2023feb.mp3,https://dictionary.cambridge.org/media/english/uk_phonetic/uk_phonetics_sound_very_2023feb.mp3,https://dictionary.cambridge.org/media/english/us_phonetic/us_phonetics_sound_very_2023feb.mp3,very,phonetics_audio/uk_phonetics_word_very_2023feb.mp3,phonetics_audio/us_phonetics_word_very_2023feb.mp3,https://dictionary.cambridge.org/media/english/uk_phonetic/uk_phonetics_word_very_2023feb.mp3,https://dictionary.cambridge.org/media/english/us_phonetic/us_phonetics_word_very_2023feb.mp3
θ,phonetics_audio/uk_phonetics_sound_think_2023feb.mp3,phonetics_audio/us_phonetics_sound_think_2023feb.mp3,https://dictionary.cambridge.org/media/english/uk_phonetic/uk_phonetics_sound_think_2023feb.mp3,https://dictionary.cambridge.org/media/english/us_phonetic/us_phonetics_sound_think_2023feb.mp3,think,phonetics_audio/uk_phonetics_word_think_2023feb.mp3,phonetics_audio/us_phonetics_word_think_2023feb.mp3,https://dictionary.cambridge.org/media/english/uk_phonetic/uk_phonetics_word_think_2023feb.mp3,https://dictionary.cambridge.org/media/english/us_phonetic/us_phonetics_word_think_2023feb.mp3
ð,phonetics_audio/uk_phonetics_sound_this_2023feb.mp3,phonetics_audio/us_phonetics_sound_this_2023feb.mp3,https://dictionary.cambridge.org/media/english/uk_phonetic/uk_phonetics_sound_this_2023feb.mp3,https://dictionary.cambridge.org/media/english/us_phonetic/us_phonetics_sound_this_2023feb.mp3,this,phonetics_audio/uk_phonetics_word_this_2023feb.mp3,phonetics_audio/us_phonetics_word_this_2023feb.mp3,https://dictionary.cambridge.org/media/english/uk_phonetic/uk_phonetics_word_this_2023feb.mp3,https://dictionary.cambridge.org/media/english/us_phonetic/us_phonetics_word_this_2023feb.mp3
s,phonetics_audio/uk_phonetics_sound_say_2023feb.mp3,phonetics_audio/us_phonetics_sound_say_2023feb.mp3,https://dictionary.cambridge.org/media/english/uk_phonetic/uk_phonetics_sound_say_2023feb.mp3,https://dictionary.cambridge.org/media/english/us_phonetic/us_phonetics_sound_say_2023feb.mp3,say,phonetics_audio/uk_phonetics_word_say_2023feb.mp3,phonetics_audio/us_phonetics_word_say_2023feb.mp3,https://dictionary.cambridge.org/media/english/uk_phonetic/uk_phonetics_word_say_2023feb.mp3,https://dictionary.cambridge.org/media/english/us_phonetic/us_phonetics_word_say_2023feb.mp3
z,phonetics_audio/uk_phonetics_sound_zoo_2023feb.mp3,phonetics_audio/us_phonetics_sound_zoo_2023feb.mp3,https://dictionary.cambridge.org/media/english/uk_phonetic/uk_phonetics_sound_zoo_2023feb.mp3,https://dictionary.cambridge.org/media/english/us_phonetic/us_phonetics_sound_zoo_2023feb.mp3,zoo,phonetics_audio/uk_phonetics_word_zoo_2023feb.mp3,phonetics_audio/us_phonetics_word_zoo_2023feb.mp3,https://dictionary.cambridge.org/media/english/uk_phonetic/uk_phonetics_word_zoo_2023feb.mp3,https://dictionary.cambridge.org/media/english/us_phonetic/us_phonetics_word_zoo_2023feb.mp3
ʃ,phonetics_audio/uk_phonetics_sound_she_2023feb.mp3,phonetics_audio/us_phonetics_sound_she_2023feb.mp3,https://dictionary.cambridge.org/media/english/uk_phonetic/uk_phonetics_sound_she_2023feb.mp3,https://dictionary.cambridge.org/media/english/us_phonetic/us_phonetics_sound_she_2023feb.mp3,she,phonetics_audio/uk_phonetics_word_she_2023feb.mp3,phonetics_audio/us_phonetics_word_she_2023feb.mp3,https://dictionary.cambridge.org/media/english/uk_phonetic/uk_phonetics_word_she_2023feb.mp3,https://dictionary.cambridge.org/media/english/us_phonetic/us_phonetics_word_she_2023feb.mp3
ʒ,phonetics_audio/uk_phonetics_sound_vision_2023feb.mp3,phonetics_audio/us_phonetics_sound_vision_2023feb.mp3,https://dictionary.cambridge.org/media/english/uk_phonetic/uk_phonetics_sound_vision_2023feb.mp3,https://dictionary.cambridge.org/media/english/us_phonetic/us_phonetics_sound_vision_2023feb.mp3,vision,phonetics_audio/uk_phonetics_word_vision_2023feb.mp3,phonetics_audio/us_phonetics_word_vision_2023feb.mp3,https://dictionary.cambridge.org/media/english/uk_phonetic/uk_phonetics_word_vision_2023feb.mp3,https://dictionary.cambridge.org/media/english/us_phonetic/us_phonetics_word_vision_2023feb.mp3
tʃ,phonetics_audio/uk_phonetics_sound_cheese_2023feb.mp3,phonetics_audio/us_phonetics_sound_cheese_2023feb.mp3,https://dictionary.cambridge.org/media/english/uk_phonetic/uk_phonetics_sound_cheese_2023feb.mp3,https://dictionary.cambridge.org/media/english/us_phonetic/us_phonetics_sound_cheese_2023feb.mp3,cheese,phonetics_audio/uk_phonetics_word_cheese_2023feb.mp3,phonetics_audio/us_phonetics_word_cheese_2023feb.mp3,https://dictionary.cambridge.org/media/english/uk_phonetic/uk_phonetics_word_cheese_2023feb.mp3,https://dictionary.cambridge.org/media/english/us_phonetic/us_phonetics_word_cheese_2023feb.mp3
dʒ,phonetics_audio/uk_phonetics_sound_jump_2023feb.mp3,phonetics_audio/us_phonetics_sound_jump_2023feb.mp3,https://dictionary.cambridge.org/media/english/uk_phonetic/uk_phonetics_sound_jump_2023feb.mp3,https://dictionary.cambridge.org/media/english/us_phonetic/us_phonetics_sound_jump_2023feb.mp3,jump,phonetics_audio/uk_phonetics_word_jump_2023feb.mp3,phonetics_audio/us_phonetics_word_jump_2023feb.mp3,https://dictionary.cambridge.org/media/english/uk_phonetic/uk_phonetics_word_jump_2023feb.mp3,https://dictionary.cambridge.org/media/english/us_phonetic/us_phonetics_word_jump_2023feb.mp3
m,phonetics_audio/uk_phonetics_sound_moon_2023feb.mp3,phonetics_audio/us_phonetics_sound_moon_2023feb.mp3,https://dictionary.cambridge.org/media/english/uk_phonetic/uk_phonetics_sound_moon_2023feb.mp3,https://dictionary.cambridge.org/media/english/us_phonetic/us_phonetics_sound_moon_2023feb.mp3,moon,phonetics_audio/uk_phonetics_word_moon_2023feb.mp3,phonetics_audio/us_phonetics_word_moon_2023feb.mp3,https://dictionary.cambridge.org/media/english/uk_phonetic/uk_phonetics_word_moon_2023feb.mp3,https://dictionary.cambridge.org/media/english/us_phonetic/us_phonetics_word_moon_2023feb.mp3
n,phonetics_audio/uk_phonetics_sound_name_2023feb.mp3,phonetics_audio/us_phonetics_sound_name_2023feb.mp3,https://dictionary.cambridge.org/media/english/uk_phonetic/uk_phonetics_sound_name_2023feb.mp3,https://dictionary.cambridge.org/media/english/us_phonetic/us_phonetics_sound_name_2023feb.mp3,name,phonetics_audio/uk_phonetics_word_name_2023feb.mp3,phonetics_audio/us_phonetics_word_name_2023feb.mp3,https://dictionary.cambridge.org/media/english/uk_phonetic/uk_phonetics_word_name_2023feb.mp3,https://dictionary.cambridge.org/media/english/us_phonetic/us_phonetics_word_name_2023feb.mp3
ŋ,phonetics_audio/uk_phonetics_sound_sing_2023feb.mp3,phonetics_audio/us_phonetics_sound_sing_2023feb.mp3,https://dictionary.cambridge.org/media/english/uk_phonetic/uk_phonetics_sound_sing_2023feb.mp3,https://dictionary.cambridge.org/media/english/us_phonetic/us_phonetics_sound_sing_2023feb.mp3,sing,phonetics_audio/uk_phonetics_word_sing_2023feb.mp3,phonetics_audio/us_phonetics_word_sing_2023feb.mp3,https://dictionary.cambridge.org/media/english/uk_phonetic/uk_phonetics_word_sing_2023feb.mp3,https://dictionary.cambridge.org/media/english/us_phonetic/us_phonetics_word_sing_2023feb.mp3
l,phonetics_audio/uk_phonetics_sound_look_2023feb.mp3,phonetics_audio/us_phonetics_sound_look_2023feb.mp3,https://dictionary.cambridge.org/media/english/uk_phonetic/uk_phonetics_sound_look_2023feb.mp3,https://dictionary.cambridge.org/media/english/us_phonetic/us_phonetics_sound_look_2023feb.mp3,look,phonetics_audio/uk_phonetics_word_look_2023feb.mp3,phonetics_audio/us_phonetics_word_look_2023feb.mp3,https://dictionary.cambridge.org/media/english/uk_phonetic/uk_phonetics_word_look_2023feb.mp3,https://dictionary.cambridge.org/media/english/us_phonetic/us_phonetics_word_look_2023feb.mp3
r,phonetics_audio/uk_phonetics_sound_run_2023feb.mp3,phonetics_audio/us_phonetics_sound_run_2023feb.mp3,https://dictionary.cambridge.org/media/english/uk_phonetic/uk_phonetics_sound_run_2023feb.mp3,https://dictionary.cambridge.org/media/english/us_phonetic/us_phonetics_sound_run_2023feb.mp3,run,phonetics_audio/uk_phonetics_word_run_2023feb.mp3,phonetics_audio/us_phonetics_word_run_2023feb.mp3,https://dictionary.cambridge.org/media/english/uk_phonetic/uk_phonetics_word_run_2023feb.mp3,https://dictionary.cambridge.org/media/english/us_phonetic/us_phonetics_word_run_2023feb.mp3
w,phonetics_audio/uk_phonetics_sound_we_2023feb.mp3,phonetics_audio/us_phonetics_sound_we_2023feb.mp3,https://dictionary.cambridge.org/media/english/uk_phonetic/uk_phonetics_sound_we_2023feb.mp3,https://dictionary.cambridge.org/media/english/us_phonetic/us_phonetics_sound_we_2023feb.mp3,we,phonetics_audio/uk_phonetics_word_we_2023feb.mp3,phonetics_audio/us_phonetics_word_we_2023feb.mp3,https://dictionary.cambridge.org/media/english/uk_phonetic/uk_phonetics_word_we_2023feb.mp3,https://dictionary.cambridge.org/media/english/us_phonetic/us_phonetics_word_we_2023feb.mp3
j,phonetics_audio/uk_phonetics_sound_yes_2023feb.mp3,phonetics_audio/us_phonetics_sound_yes_2023feb.mp3,https://dictionary.cambridge.org/media/english/uk_phonetic/uk_phonetics_sound_yes_2023feb.mp3,https://dictionary.cambridge.org/media/english/us_phonetic/us_phonetics_sound_yes_2023feb.mp3,yes,phonetics_audio/uk_phonetics_word_yes_2023feb.mp3,phonetics_audio/us_phonetics_word_yes_2023feb.mp3,https://dictionary.cambridge.org/media/english/uk_phonetic/uk_phonetics_word_yes_2023feb.mp3,https://dictionary.cambridge.org/media/english/us_phonetic/us_phonetics_word_yes_2023feb.mp3
h,phonetics_audio/uk_phonetics_sound_hand_2023feb.mp3,phonetics_audio/us_phonetics_sound_hand_2023feb.mp3,https://dictionary.cambridge.org/media/english/uk_phonetic/uk_phonetics_sound_hand_2023feb.mp3,https://dictionary.cambridge.org/media/english/us_phonetic/us_phonetics_sound_hand_2023feb.mp3,hand,phonetics_audio/uk_phonetics_word_hand_2023feb.mp3,phonetics_audio/us_phonetics_word_hand_2023feb.mp3,https://dictionary.cambridge.org/media/english/uk_phonetic/uk_phonetics_word_hand_2023feb.mp3,https://dictionary.cambridge.org/media/english/us_phonetic/us_phonetics_word_hand_2023feb.mp3
i,phonetics_audio/uk_phonetics_sound_happy_2023feb.mp3,phonetics_audio/us_phonetics_sound_happy_2023feb.mp3,https://dictionary.cambridge.org/media/english/uk_phonetic/uk_phonetics_sound_happy_2023feb.mp3,https://dictionary.cambridge.org/media/english/us_phonetic/us_phonetics_sound_happy_2023feb.mp3,happy,phonetics_audio/uk_phonetics_word_happy_2023feb.mp3,phonetics_audio/us_phonetics_word_happy_2023feb.mp3,https://dictionary.cambridge.org/media/english/uk_phonetic/uk_phonetics_word_happy_2023feb.mp3,https://dictionary.cambridge.org/media/english/us_phonetic/us_phonetics_word_happy_2023feb.mp3
u,phonetics_audio/uk_phonetics_sound_situation_2023feb.mp3,phonetics_audio/us_phonetics_sound_situation_2023feb.mp3,https://dictionary.cambridge.org/media/english/uk_phonetic/uk_phonetics_sound_situation_2023feb.mp3,https://dictionary.cambridge.org/media/english/us_phonetic/us_phonetics_sound_situation_2023feb.mp3,situation,phonetics_audio/uk_phonetics_word_situation_2023feb.mp3,phonetics_audio/us_phonetics_word_situation_2023feb.mp3,https://dictionary.cambridge.org/media/english/uk_phonetic/uk_phonetics_word_situation_2023feb.mp3,https://dictionary.cambridge.org/media/english/us_phonetic/us_phonetics_word_situation_2023feb.mp3
ɒ̃,phonetics_audio/uk_phonetics_sound_croissant_2023feb.mp3,phonetics_audio/us_phonetics_sound_croissant_2023feb.mp3,https://dictionary.cambridge.org/media/english/uk_phonetic/uk_phonetics_sound_croissant_2023feb.mp3,https://dictionary.cambridge.org/media/english/us_phonetic/us_phonetics_sound_croissant_2023feb.mp3,croissant,phonetics_audio/uk_phonetics_word_croissant_2023feb.mp3,phonetics_audio/us_phonetics_word_croissant_2023feb.mp3,https://dictionary.cambridge.org/media/english/uk_phonetic/uk_phonetics_word_croissant_2023feb.mp3,https://dictionary.cambridge.org/media/english/us_phonetic/us_phonetics_word_croissant_2023feb.mp3
x,phonetics_audio/uk_phonetics_sound_loch_2023feb.mp3,phonetics_audio/us_phonetics_sound_loch_2023feb.mp3,https://dictionary.cambridge.org/media/english/uk_phonetic/uk_phonetics_sound_loch_2023feb.mp3,https://dictionary.cambridge.org/media/english/us_phonetic/us_phonetics_sound_loch_2023feb.mp3,loch,phonetics_audio/uk_phonetics_word_loch_2023feb.mp3,phonetics_audio/us_phonetics_word_loch_2023feb.mp3,https://dictionary.cambridge.org/media/english/uk_phonetic/uk_phonetics_word_loch_2023feb.mp3,https://dictionary.cambridge.org/media/english/us_phonetic/us_phonetics_word_loch_2023feb.mp3
əl,phonetics_audio/uk_phonetics_sound_label_2023feb.mp3,phonetics_audio/us_phonetics_sound_label_2023feb.mp3,https://dictionary.cambridge.org/media/english/uk_phonetic/uk_phonetics_sound_label_2023feb.mp3,https://dictionary.cambridge.org/media/english/us_phonetic/us_phonetics_sound_label_2023feb.mp3,label,phonetics_audio/uk_phonetics_word_label_2023feb.mp3,phonetics_audio/us_phonetics_word_label_2023feb.mp3,https://dictionary.cambridge.org/media/english/uk_phonetic/uk_phonetics_word_label_2023feb.mp3,https://dictionary.cambridge.org/media/english/us_phonetic/us_phonetics_word_label_2023feb.mp3
əm,phonetics_audio/uk_phonetics_sound_criticism_2023feb.mp3,phonetics_audio/us_phonetics_sound_criticism_2023feb.mp3,https://dictionary.cambridge.org/media/english/uk_phonetic/uk_phonetics_sound_criticism_2023feb.mp3,https://dictionary.cambridge.org/media/english/us_phonetic/us_phonetics_sound_criticism_2023feb.mp3,criticism,phonetics_audio/uk_phonetics_word_criticism_2023feb.mp3,phonetics_audio/us_phonetics_word_criticism_2023feb.mp3,https://dictionary.cambridge.org/media/english/uk_phonetic/uk_phonetics_word_criticism_2023feb.mp3,https://dictionary.cambridge.org/media/english/us_phonetic/us_phonetics_word_criticism_2023feb.mp3
ən,phonetics_audio/uk_phonetics_sound_sudden_2023feb.mp3,phonetics_audio/us_phonetics_sound_sudden_2023feb.mp3,https://dictionary.cambridge.org/media/english/uk_phonetic/uk_phonetics_sound_sudden_2023feb.mp3,https://dictionary.cambridge.org/media/english/us_phonetic/us_phonetics_sound_sudden_2023feb.mp3,sudden,phonetics_audio/uk_phonetics_word_sudden_2023feb.mp3,phonetics_audio/us_phonetics_word_sudden_2023feb.mp3,https://dictionary.cambridge.org/media/english/uk_phonetic/uk_phonetics_word_sudden_2023feb.mp3,https://dictionary.cambridge.org/media/english/us_phonetic/us_phonetics_word_sudden_2023feb.mp3
ər,phonetics_audio/uk_phonetics_sound_dictionary_2023jun.mp3,,https://dictionary.cambridge.org/media/english/uk_phonetic/uk_phonetics_sound_dictionary_2023jun.mp3,,dictionary,phonetics_audio/uk_phonetics_word_dictionary_2023jun.mp3,,https://dictionary.cambridge.org/media/english/uk_phonetic/uk_phonetics_word_dictionary_2023jun.mp3,
◌ʳ,,,,,four apples,phonetics_audio/uk_phonetics_word_four_apples_2023feb.mp3,,https://dictionary.cambridge.org/media/english/uk_phonetic/uk_phonetics_word_four_apples_2023feb.mp3,
◌ʳ,,,,,four cars,phonetics_audio/uk_phonetics_word_fourcars_2023jun.mp3,,https://dictionary.cambridge.org/media/english/uk_phonetic/uk_phonetics_word_fourcars_2023jun.mp3,
.,,,,,system,phonetics_audio/uk_phonetics_word_system_2023feb.mp3,phonetics_audio/us_phonetics_word_system_2023feb.mp3,https://dictionary.cambridge.org/media/english/uk_phonetic/uk_phonetics_word_system_2023feb.mp3,https://dictionary.cambridge.org/media/english/us_phonetic/us_phonetics_word_system_2023feb.mp3
ˈ,,,,,surprise,phonetics_audio/uk_phonetics_word_surprise_2023feb.mp3,phonetics_audio/us_phonetics_word_surprise_2023feb.mp3,https://dictionary.cambridge.org/media/english/uk_phonetic/uk_phonetics_word_surprise_2023feb.mp3,https://dictionary.cambridge.org/media/english/us_phonetic/us_phonetics_word_surprise_2023feb.mp3
ˌ,,,,,retell,phonetics_audio/uk_phonetics_word_retell_2023feb.mp3,phonetics_audio/us_phonetics_word_retell_2023feb.mp3,https://dictionary.cambridge.org/media/english/uk_phonetic/uk_phonetics_word_retell_2023feb.mp3,https://dictionary.cambridge.org/media/english/us_phonetic/us_phonetics_word_retell_2023feb.mp3
